"query","operation","original_planning_ms","original_execution_ms","final_planning_ms","final_execution_ms","final_indexes","final_sequential_scans"
"001","createBucket","0.261","0.031","0.136","0.03","idx_securitytoken_securitytoken","activeflag"
"002","createBucket","0.117","0.027","0.149","0.032","involvedparty_pkey","activeflag"
"003","createBucket","0.191","0.074","0.216","0.094","","securitytoken,securitytokenxsecuritytoken"
"004","createBucket","0.488","0.089","0.23","0.085","idx_sysst_st_wh,idx_sysst_sys_wh,systems_pkey","activeflag"
"005","createBucket","0.14","0.037","0.143","0.047","idx_involvedpartysecuritytoken_involvedpartyid,idx_involvedpartysecuritytoken_securitytokenid","activeflag"
"006","createBucket","0.362","0.107","0.315","0.113","classificationdataconcept_pkey,idx_classification_systemid","activeflag"
"007","createBucket","0.113","0.029","0.118","0.016","","activeflag,arrangementtype"
"008","createBucket","0.0","0.0","0.0","0.0","",""
"009","createBucket","0.0","0.0","0.0","0.0","",""
"010","createBucket","0.0","0.0","0.0","0.0","",""
"011","createBucket","0.0","0.0","0.0","0.0","",""
"012","upload","20.092","0.424","9.062","0.284","arrangement_pkey,idx_arrangementxarrangementtype_arrangementid,idx_arxc_sid_wh,idx_classification_classificationname,idx_document_member_bucket_actor_to","activeflag,arrangementtype"
"013","upload","0.005","0.003","0.006","0.003","",""
"014","upload","0.0","0.0","0.0","0.0","",""
"015","upload","0.0","0.0","0.0","0.0","",""
"016","upload","0.0","0.0","0.0","0.0","",""
"017","list","0.688","3.232","0.463","2.917","idx_classification_systemid,ric_item_class_eff_idx","activeflag"
"018","list","0.362","0.272","0.341","0.285","idx_classification_classificationname,idx_involvedpartyxresourceitem_resourceitemid,idx_ipxrist_cl_wh","activeflag"
"019","rate.seed","0.199","0.084","0.155","0.073","idx_sysst_st_wh,idx_sysst_sys_wh,systems_pkey","activeflag"
"020","rate.seed","33.673","0.266","23.07","0.257","arrangement_pkey,idx_arrangementxarrangementtype_arrangementid,idx_arxc_cl_wh,idx_arxc_val,idx_arxrist_rid_wh,idx_classification_classificationname,idx_document_member_bucket_actor_to,idx_resourceitemtype_name,idx_rixrit_rid_wh,resourceitem_pkey","activeflag,arrangementtype"
"021","rate.seed","0.113","0.063","0.111","0.028","ric_item_class_eff_idx","activeflag"
"022","rate.seed","0.0","0.0","0.0","0.0","idx_involvedpartyxresourceitem_resourceitemid","activeflag"
"023","rate.seed","0.0","0.0","0.0","0.0","ric_item_class_eff_idx","activeflag"
"024","find","0.225","0.079","0.156","0.074","idx_sysst_st_wh,idx_sysst_sys_wh,systems_pkey","activeflag"
"025","find","0.337","0.075","0.267","0.056","idx_classification_classificationname,idx_classificationdataconcept_name","activeflag"
"026","find","36.626","0.498","23.782","0.623","arrangement_pkey,idx_arrangementxarrangementtype_arrangementid,idx_arxc_cl_wh,idx_arxc_val,idx_arxrist_rid_wh,idx_classification_classificationname,idx_document_member_bucket_actor_to,idx_resourceitemtype_name,idx_rixrit_rid_wh,resourceitem_pkey","activeflag,arrangementtype"
"027","findBucket","21.45","0.392","8.9","0.264","arrangement_pkey,idx_arrangementxarrangementtype_arrangementid,idx_arxc_sid_wh,idx_classification_classificationname,idx_document_member_bucket_actor_to","activeflag,arrangementtype"
"028","listBuckets","0.334","0.32","0.325","0.354","idx_arxc_cl_wh,idx_arxc_sid_wh,idx_classification_classificationname,idx_classification_systemid","activeflag"
"029","listBuckets","80.488","26.248","23.083","14.547","arrangement_pkey,idx_arrangementxarrangementtype_arrangementid,idx_arxc_cl_wh,idx_arxc_val,idx_classification_classificationname,idx_document_member_bucket_actor_to","activeflag,arrangementtype"
"030","members","0.339","0.208","0.246","0.06","idx_classification_classificationname,idx_document_member_bucket_actor_to","activeflag"
"031","list","114.394","215.994","9.513","29.721","arrangement_pkey,classification_pkey,idx_arrangementxarrangementtype_arrangementid,idx_arxc_sid_wh,idx_classification_classificationname,idx_document_bucket_contents_to,idx_document_member_bucket_actor_to,idx_resourceitemtype_name,idx_rixrit_rid_wh,resourceitem_pkey","activeflag,arrangementtype"
"032","list.offset","93.061","201.419","10.224","30.116","arrangement_pkey,classification_pkey,idx_arrangementxarrangementtype_arrangementid,idx_arxc_sid_wh,idx_classification_classificationname,idx_document_bucket_contents_to,idx_document_member_bucket_actor_to,idx_resourceitemtype_name,idx_rixrit_rid_wh,resourceitem_pkey","activeflag,arrangementtype"
"033","list.category","94.227","232.133","10.183","42.51","arrangement_pkey,classification_pkey,idx_arrangementxarrangementtype_arrangementid,idx_arxc_sid_wh,idx_classification_classificationname,idx_document_bucket_contents_to,idx_document_member_bucket_actor_to,idx_resourceitemtype_name,idx_rixrit_rid_wh,resourceitem_pkey,ric_item_class_eff_idx","activeflag,arrangementtype"
"034","list.label","99.181","256.356","10.582","42.311","arrangement_pkey,classification_pkey,idx_arrangementxarrangementtype_arrangementid,idx_arxc_sid_wh,idx_classification_classificationname,idx_document_bucket_contents_to,idx_document_member_bucket_actor_to,idx_resourceitemtype_name,idx_rixrit_rid_wh,resourceitem_pkey,ric_item_class_eff_idx","activeflag,arrangementtype"
"035","list.search","101.655","250.246","10.288","44.331","arrangement_pkey,classification_pkey,idx_arrangementxarrangementtype_arrangementid,idx_arxc_sid_wh,idx_classification_classificationname,idx_document_bucket_contents_to,idx_document_member_bucket_actor_to,idx_resourceitemtype_name,idx_rixrit_rid_wh,resourceitem_pkey,ric_item_class_eff_idx","activeflag,arrangementtype"
"036","list.combined","98.403","249.05","11.624","45.433","arrangement_pkey,classification_pkey,idx_arrangementxarrangementtype_arrangementid,idx_arxc_sid_wh,idx_classification_classificationname,idx_document_bucket_contents_to,idx_document_member_bucket_actor_to,idx_resourceitemtype_name,idx_rixrit_rid_wh,resourceitem_pkey,ric_item_class_eff_idx","activeflag,arrangementtype"
"037","versions","0.282","0.146","0.503","0.123","resourceitem_pkey,ric_item_class_eff_idx","activeflag"
"038","versions","0.437","0.365","0.415","0.333","idx_classification_systemid,ric_item_class_eff_idx","activeflag"
"039","versions.offset","0.419","0.169","0.366","0.167","idx_classification_systemid,ric_item_class_eff_idx","activeflag"
"040","version","0.225","0.077","0.369","0.047","resourceitemxclassification_pkey","activeflag"
"041","version","0.334","0.145","0.367","0.122","idx_classification_systemid,ric_item_class_eff_idx","activeflag"
"042","downloadVersion","0.019","0.026","0.028","0.038","resourceitemdatavalue_pkey",""
"043","revise","34.439","0.719","22.731","0.691","arrangement_pkey,idx_arrangementxarrangementtype_arrangementid,idx_arxc_cl_wh,idx_arxc_val,idx_arxrist_rid_wh,idx_classification_classificationname,idx_document_member_bucket_actor_to,idx_involvedpartyxresourceitem_resourceitemid,idx_resourceitemtype_name,idx_rixrit_rid_wh,resourceitem_pkey","activeflag,arrangementtype"
"044","revise","0.136","0.078","0.124","0.029","ric_item_class_eff_idx","activeflag"
"045","revise","0.128","0.064","0.138","0.033","ric_item_class_eff_idx","activeflag"
"046","revise","0.0","0.0","0.0","0.0","resourceitemxclassification_pkey","activeflag"
"047","revise","0.0","0.0","0.0","0.0","ric_item_class_eff_idx","activeflag"
"048","grant","19.711","0.462","8.606","0.263","arrangement_pkey,idx_arrangementxarrangementtype_arrangementid,idx_arxc_sid_wh,idx_classification_classificationname,idx_document_member_bucket_actor_to","activeflag,arrangementtype"
"049","grant","0.246","0.066","0.248","0.041","involvedparty_pkey","activeflag,involvedpartyorganic"
"050","grant","0.0","0.0","0.0","0.0","idx_document_member_bucket_actor_to","activeflag"
"051","childBucket","0.038","0.017","0.039","0.014","","systems"
"052","childBucket","0.779","0.061","0.214","0.064","idx_arxa_eff_to","activeflag"
"053","childBucket","0.177","0.026","0.148","0.019","idx_arxa_eff_to","activeflag"
"054","childBucket","0.0","0.0","0.0","0.0","",""
"055","listBuckets.children","82.828","25.757","24.717","16.115","arrangement_pkey,idx_arrangementxarrangement_childarrangementid,idx_arrangementxarrangementtype_arrangementid,idx_arxc_cl_wh,idx_arxc_val,idx_classification_classificationname,idx_document_member_bucket_actor_to","activeflag,arrangementtype"
"056","childBucket.remove","0.0","0.0","0.0","0.0","idx_arxa_eff_to","activeflag"
"057","addToBucket","33.239","0.564","13.284","0.6","arrangement_pkey,idx_arrangementxarrangementtype_arrangementid,idx_arxc_cl_wh,idx_arxc_val,idx_classification_classificationname,idx_document_bucket_contents_to,idx_document_member_bucket_actor_to","activeflag,arrangementtype"
"058","addToBucket","0.177","0.045","0.182","0.036","idx_arxrist_rid_wh","activeflag"
"059","removeFromBucket","0.141","0.062","0.145","0.035","idx_arxrist_rid_wh","activeflag"
"060","removeFromBucket","0.0","0.0","0.0","0.0","idx_arxrist_rid_wh","activeflag"
"061","attachBucket","0.41","0.149","0.308","0.125","arrangement_pkey,idx_arst_st_wh,idx_sysst_st_wh,idx_sysst_sys_wh","activeflag"
"062","archive","0.0","0.0","0.0","0.0","resourceitem_pkey","activeflag"
"063","archive","0.0","0.0","0.0","0.0","ric_item_class_eff_idx","activeflag"
"064","archive","0.0","0.0","0.0","0.0","idx_arxrist_rid_wh","activeflag"
